"id","label","comment","subPropertyOf","equivalentProperty","subproperties","domainIncludes","rangeIncludes","inverseOf","supersedes","supersededBy","isPartOf"
"http://schema.org/abstract","abstract","An abstract is a short description that summarizes a <a class=""localLink"" href=""http://schema.org/CreativeWork"">CreativeWork</a>.","","","","http://schema.org/CreativeWork","http://schema.org/Text","","",""
"http://schema.org/accountMinimumInflow","accountMinimumInflow","A minimum amount that has to be paid in every month.","","","","http://schema.org/BankAccount","http://schema.org/MonetaryAmount","","",""
"http://schema.org/accountOverdraftLimit","accountOverdraftLimit","An overdraft is an extension of credit from a lending institution when an account reaches zero. An overdraft allows the individual to continue withdrawing money even if the account has no funds in it. Basically the bank allows people to borrow a set amount of money.","","","","http://schema.org/BankAccount","http://schema.org/MonetaryAmount","","",""
"http://schema.org/actionableFeedbackPolicy","actionableFeedbackPolicy","For a <a class=""localLink"" href=""http://schema.org/NewsMediaOrganization"">NewsMediaOrganization</a> or other news-related <a class=""localLink"" href=""http://schema.org/Organization"">Organization</a>, a statement about public engagement activities (for news media, the newsroom’s), including involving the public - digitally or otherwise -- in coverage decisions, reporting and activities after publication.","http://schema.org/publishingPrinciples","","","http://schema.org/NewsMediaOrganization, http://schema.org/Organization","http://schema.org/CreativeWork, http://schema.org/URL","","",""
"http://schema.org/appearance","appearance","Indicates an occurence of a <a class=""localLink"" href=""http://schema.org/Claim"">Claim</a> in some <a class=""localLink"" href=""http://schema.org/CreativeWork"">CreativeWork</a>.","http://schema.org/workExample","","","http://schema.org/Claim","http://schema.org/CreativeWork","","",""
"http://schema.org/applicantLocationRequirements","applicantLocationRequirements","The location(s) applicants can apply from. This is usually used for telecommuting jobs where the applicant does not need to be in a physical office. Note: This should not be used for citizenship or work visa requirements.","","","","http://schema.org/JobPosting","http://schema.org/AdministrativeArea","","",""
"http://schema.org/archiveHeld","archiveHeld","Collection, <a href=""https://en.wikipedia.org/wiki/Fonds"">fonds</a>, or item held, kept or maintained by an <a class=""localLink"" href=""http://schema.org/ArchiveOrganization"">ArchiveOrganization</a>.","","","","http://schema.org/ArchiveOrganization","http://schema.org/ArchiveComponent","http://schema.org/holdingArchive","",""
"http://schema.org/backstory","backstory","For an <a class=""localLink"" href=""http://schema.org/Article"">Article</a>, typically a <a class=""localLink"" href=""http://schema.org/NewsArticle"">NewsArticle</a>, the backstory property provides a textual summary giving a brief explanation of why and how an article was created. In a journalistic setting this could include information about reporting process, methods, interviews, data sources, etc.","","","","http://schema.org/Article","http://schema.org/CreativeWork, http://schema.org/Text","","",""
"http://schema.org/bankAccountType","bankAccountType","The type of a bank account.","","","","http://schema.org/BankAccount","http://schema.org/Text, http://schema.org/URL","","",""
"http://schema.org/beneficiaryBank","beneficiaryBank","A bank or bank’s branch, financial institution or international financial institution operating the beneficiary’s bank account or releasing funds for the beneficiary","","","","http://schema.org/MoneyTransfer","http://schema.org/BankOrCreditUnion, http://schema.org/Text","","",""
"http://schema.org/benefitsSummaryUrl","benefitsSummaryUrl","The URL that goes directly to the summary of benefits and coverage for the specific standard plan or plan variation.","","","","http://schema.org/HealthInsurancePlan","http://schema.org/URL","","",""
"http://schema.org/broadcastSignalModulation","broadcastSignalModulation","The modulation (e.g. FM, AM, etc) used by a particular broadcast service","","","","http://schema.org/BroadcastFrequencySpecification","http://schema.org/QualitativeValue, http://schema.org/Text","","",""
"http://schema.org/broadcastSubChannel","broadcastSubChannel","The subchannel used for the broadcast.","","","","http://schema.org/BroadcastFrequencySpecification","http://schema.org/Text","","",""
"http://schema.org/byDay","byDay","Defines the day(s) of the week on which a recurring <a class=""localLink"" href=""http://schema.org/Event"">Event</a> takes place","","","","http://schema.org/Schedule","http://schema.org/DayOfWeek","","",""
"http://schema.org/byMonth","byMonth","Defines the month(s) of the year on which a recurring <a class=""localLink"" href=""http://schema.org/Event"">Event</a> takes place. Specified as an <a class=""localLink"" href=""http://schema.org/Integer"">Integer</a> between 1-12. January is 1.","","","","http://schema.org/Schedule","http://schema.org/Integer","","",""
"http://schema.org/byMonthDay","byMonthDay","Defines the day(s) of the month on which a recurring <a class=""localLink"" href=""http://schema.org/Event"">Event</a> takes place. Specified as an <a class=""localLink"" href=""http://schema.org/Integer"">Integer</a> between 1-31.","","","","http://schema.org/Schedule","http://schema.org/Integer","","",""
"http://schema.org/callSign","callSign","The official callsign for the radio broadcast.","","","","http://schema.org/RadioBroadcastService","http://schema.org/Text","","",""
"http://schema.org/cashBack","cashBack","A cardholder benefit that pays the cardholder a small percentage of their net expenditures.","","","","http://schema.org/PaymentCard","http://schema.org/Boolean, http://schema.org/Number","","",""
"http://schema.org/codeValue","codeValue","A short textual code that uniquely identifies the value.","http://schema.org/termCode","","","http://schema.org/CategoryCode, http://schema.org/MedicalCode","http://schema.org/Text","","",""
"http://schema.org/collectionSize","collectionSize","The number of items in the <a class=""localLink"" href=""http://schema.org/Collection"">Collection</a>.","","","","http://schema.org/Collection","http://schema.org/Integer","","",""
"http://schema.org/competencyRequired","competencyRequired","Knowledge, skill, ability or personal attribute that must be demonstrated by a person or other entity.","","","","http://schema.org/EducationalOccupationalCredential","http://schema.org/DefinedTerm, http://schema.org/Text, http://schema.org/URL","","",""
"http://schema.org/conditionsOfAccess","conditionsOfAccess","Conditions that affect the availability of, or method(s) of access to, an item. Typically used for real world items such as an <a class=""localLink"" href=""http://schema.org/ArchiveComponent"">ArchiveComponent</a> held by an <a class=""localLink"" href=""http://schema.org/ArchiveOrganization"">ArchiveOrganization</a>. This property is not suitable for use as a general Web access control mechanism. It is expressed only in natural language.<br/><br/><br/><br/>For example ""Available by appointment from the Reading Room"" or ""Accessible only from logged-in accounts "".","","","","http://schema.org/CreativeWork","http://schema.org/Text","","",""
"http://schema.org/constrainingProperty","constrainingProperty","Indicates a property used as a constraint to define a <a class=""localLink"" href=""http://schema.org/StatisticalPopulation"">StatisticalPopulation</a> with respect to the set of entities  corresponding to an indicated type (via <a class=""localLink"" href=""http://schema.org/populationType"">populationType</a>).","","","","http://schema.org/StatisticalPopulation","http://schema.org/Integer","","",""
"http://schema.org/contactlessPayment","contactlessPayment","A secure method for consumers to purchase products or services via debit, credit or smartcards by using RFID or NFC technology.","","","","http://schema.org/PaymentCard","http://schema.org/Boolean","","",""
"http://schema.org/contentReferenceTime","contentReferenceTime","The specific time described by a creative work, for works (e.g. articles, video objects etc.) that emphasise a particular moment within an Event.","","","","http://schema.org/CreativeWork","http://schema.org/DateTime","","",""
"http://schema.org/correction","correction","Indicates a correction to a <a class=""localLink"" href=""http://schema.org/CreativeWork"">CreativeWork</a>, either via a <a class=""localLink"" href=""http://schema.org/CorrectionComment"">CorrectionComment</a>, textually or in another document.","","","","http://schema.org/CreativeWork","http://schema.org/CorrectionComment, http://schema.org/Text, http://schema.org/URL","","",""
"http://schema.org/correctionsPolicy","correctionsPolicy","For an <a class=""localLink"" href=""http://schema.org/Organization"">Organization</a> (e.g. <a class=""localLink"" href=""http://schema.org/NewsMediaOrganization"">NewsMediaOrganization</a>), a statement describing (in news media, the newsroom’s) disclosure and correction policy for errors.","http://schema.org/publishingPrinciples","","","http://schema.org/NewsMediaOrganization, http://schema.org/Organization","http://schema.org/CreativeWork, http://schema.org/URL","","",""
"http://schema.org/courseWorkload","courseWorkload","The amount of work expected of students taking the course, often provided as a figure per week or per month, and may be broken down by type. For example, ""2 hours of lectures, 1 hour of lab work and 3 hours of independent study per week"".","","","","http://schema.org/CourseInstance","http://schema.org/Text","","",""
"http://schema.org/creativeWorkStatus","creativeWorkStatus","The status of a creative work in terms of its stage in a lifecycle. Example terms include Incomplete, Draft, Published, Obsolete. Some organizations define a set of terms for the stages of their publication lifecycle.","","","","http://schema.org/CreativeWork","http://schema.org/DefinedTerm, http://schema.org/Text","","",""
"http://schema.org/credentialCategory","credentialCategory","The category or type of credential being described, for example ""degree”, “certificate”, “badge”, or more specific term.","","","","http://schema.org/EducationalOccupationalCredential","http://schema.org/DefinedTerm, http://schema.org/Text, http://schema.org/URL","","",""
"http://schema.org/currentExchangeRate","currentExchangeRate","The current price of a currency.","","","","http://schema.org/ExchangeRateSpecification","http://schema.org/UnitPriceSpecification","","",""
"http://schema.org/diversityPolicy","diversityPolicy","Statement on diversity policy by an <a class=""localLink"" href=""http://schema.org/Organization"">Organization</a> e.g. a <a class=""localLink"" href=""http://schema.org/NewsMediaOrganization"">NewsMediaOrganization</a>. For a <a class=""localLink"" href=""http://schema.org/NewsMediaOrganization"">NewsMediaOrganization</a>, a statement describing the newsroom’s diversity policy on both staffing and sources, typically providing staffing data.","","","","http://schema.org/NewsMediaOrganization, http://schema.org/Organization","http://schema.org/CreativeWork, http://schema.org/URL","","",""
"http://schema.org/diversityStaffingReport","diversityStaffingReport","For an <a class=""localLink"" href=""http://schema.org/Organization"">Organization</a> (often but not necessarily a <a class=""localLink"" href=""http://schema.org/NewsMediaOrganization"">NewsMediaOrganization</a>), a report on staffing diversity issues. In a news context this might be for example ASNE or RTDNA (US) reports, or self-reported.","http://schema.org/publishingPrinciples","","","http://schema.org/NewsMediaOrganization, http://schema.org/Organization","http://schema.org/Article, http://schema.org/URL","","",""
"http://schema.org/documentation","documentation","Further documentation describing the Web API in more detail.","","","","http://schema.org/WebAPI","http://schema.org/CreativeWork, http://schema.org/URL","","",""
"http://schema.org/domiciledMortgage","domiciledMortgage","Whether borrower is a resident of the jurisdiction where the property is located.","","","","http://schema.org/MortgageLoan","http://schema.org/Boolean","","",""
"http://schema.org/downPayment","downPayment","a type of payment made in cash during the onset of the purchase of an expensive good/service. The payment typically represents only a percentage of the full purchase price.","","","","http://schema.org/RepaymentSpecification","http://schema.org/MonetaryAmount, http://schema.org/Number","","",""
"http://schema.org/earlyPrepaymentPenalty","earlyPrepaymentPenalty","The amount to be paid as a penalty in the event of early payment of the loan.","","","","http://schema.org/RepaymentSpecification","http://schema.org/MonetaryAmount","","",""
"http://schema.org/educationRequirements","educationRequirements","Educational background needed for the position or Occupation.","","","","http://schema.org/JobPosting, http://schema.org/Occupation","http://schema.org/EducationalOccupationalCredential, http://schema.org/Text","","",""
"http://schema.org/educationalLevel","educationalLevel","The level in terms of progression through an educational or training context. Examples of educational levels include 'beginner', 'intermediate' or 'advanced', and formal sets of level indicators.","","","","http://schema.org/EducationalOccupationalCredential","http://schema.org/DefinedTerm, http://schema.org/Text, http://schema.org/URL","","",""
"http://schema.org/employmentUnit","employmentUnit","Indicates the department, unit and/or facility where the employee reports and/or in which the job is to be performed.","","","","http://schema.org/JobPosting","http://schema.org/Organization","","",""
"http://schema.org/endOffset","endOffset","The end time of the clip expressed as the number of seconds from the beginning of the work.","","","","http://schema.org/Clip","http://schema.org/Number","","",""
"http://schema.org/ethicsPolicy","ethicsPolicy","Statement about ethics policy, e.g. of a <a class=""localLink"" href=""http://schema.org/NewsMediaOrganization"">NewsMediaOrganization</a> regarding journalistic and publishing practices, or of a <a class=""localLink"" href=""http://schema.org/Restaurant"">Restaurant</a>, a page describing food source policies. In the case of a <a class=""localLink"" href=""http://schema.org/NewsMediaOrganization"">NewsMediaOrganization</a>, an ethicsPolicy is typically a statement describing the personal, organizational, and corporate standards of behavior expected by the organization.","","","","http://schema.org/NewsMediaOrganization, http://schema.org/Organization","http://schema.org/CreativeWork, http://schema.org/URL","","",""
"http://schema.org/eventSchedule","eventSchedule","Associates an <a class=""localLink"" href=""http://schema.org/Event"">Event</a> with a <a class=""localLink"" href=""http://schema.org/Schedule"">Schedule</a>. There are circumstances where it is preferable to share a schedule for a series of      repeating events rather than data on the individual events themselves. For example, a website or application might prefer to publish a schedule for a weekly      gym class rather than provide data on every event. A schedule could be processed by applications to add forthcoming events to a calendar. An <a class=""localLink"" href=""http://schema.org/Event"">Event</a> that      is associated with a <a class=""localLink"" href=""http://schema.org/Schedule"">Schedule</a> using this property should not have <a class=""localLink"" href=""http://schema.org/startDate"">startDate</a> or <a class=""localLink"" href=""http://schema.org/endDate"">endDate</a> properties. These are instead defined within the associated      <a class=""localLink"" href=""http://schema.org/Schedule"">Schedule</a>, this avoids any ambiguity for clients using the data. The propery might have repeated values to specify different schedules, e.g. for different months      or seasons.","","","","http://schema.org/Schedule","http://schema.org/Duration","","",""
"http://schema.org/exceptDate","exceptDate","Defines a <a class=""localLink"" href=""http://schema.org/Date"">Date</a> or <a class=""localLink"" href=""http://schema.org/DateTime"">DateTime</a> during which a scheduled <a class=""localLink"" href=""http://schema.org/Event"">Event</a> will not take place. The property allows exceptions to      a <a class=""localLink"" href=""http://schema.org/Schedule"">Schedule</a> to be specified. If an exception is specified as a <a class=""localLink"" href=""http://schema.org/DateTime"">DateTime</a> then only the event that would have started at that specific date and time      should be excluded from the schedule. If an exception is specified as a <a class=""localLink"" href=""http://schema.org/Date"">Date</a> then any event that is scheduled for that 24 hour period should be      excluded from the schedule. This allows a whole day to be excluded from the schedule without having to itemise every scheduled event.","","","","http://schema.org/Schedule","http://schema.org/Date, http://schema.org/DateTime","","",""
"http://schema.org/exchangeRateSpread","exchangeRateSpread","The difference between the price at which a broker or other intermediary buys and sells foreign currency.","","","","http://schema.org/ExchangeRateSpecification","http://schema.org/MonetaryAmount, http://schema.org/Number","","",""
"http://schema.org/firstAppearance","firstAppearance","Indicates the first known occurence of a <a class=""localLink"" href=""http://schema.org/Claim"">Claim</a> in some <a class=""localLink"" href=""http://schema.org/CreativeWork"">CreativeWork</a>.","http://schema.org/workExample","","","http://schema.org/Claim","http://schema.org/CreativeWork","","",""
"http://schema.org/floorLimit","floorLimit","A floor limit is the amount of money above which credit card transactions must be authorized.","","","","http://schema.org/PaymentCard","http://schema.org/MonetaryAmount","","",""
"http://schema.org/fundedItem","fundedItem","Indicates an item funded or sponsored through a <a class=""localLink"" href=""http://schema.org/Grant"">Grant</a>.","","","","http://schema.org/Grant","http://schema.org/Thing","","",""
"http://schema.org/gender","gender","Gender of something, typically a <a class=""localLink"" href=""http://schema.org/Person"">Person</a>, but possibly also fictional characters, animals, etc. While http://schema.org/Male and http://schema.org/Female may be used, text strings are also acceptable for people who do not identify as a binary gender. The <a class=""localLink"" href=""http://schema.org/gender"">gender</a> property can also be used in an extended sense to cover e.g. the gender of sports teams. As with the gender of individuals, we do not try to enumerate all possibilities. A mixed-gender <a class=""localLink"" href=""http://schema.org/SportsTeam"">SportsTeam</a> can be indicated with a text value of ""Mixed"".","","","","http://schema.org/Person, http://schema.org/SportsTeam","http://schema.org/GenderType, http://schema.org/Text","","",""
"http://schema.org/gracePeriod","gracePeriod","The period of time after any due date that the borrower has to fulfil its obligations before a default (failure to pay) is deemed to have occurred.","","","","http://schema.org/LoanOrCredit","http://schema.org/Duration","","",""
"http://schema.org/gtin","gtin","A Global Trade Item Number (<a href=""https://www.gs1.org/standards/id-keys/gtin"">GTIN</a>). GTINs identify trade items, including products and services, using numeric identification codes. The <a class=""localLink"" href=""http://schema.org/gtin"">gtin</a> property generalizes the earlier <a class=""localLink"" href=""http://schema.org/gtin8"">gtin8</a>, <a class=""localLink"" href=""http://schema.org/gtin12"">gtin12</a>, <a class=""localLink"" href=""http://schema.org/gtin13"">gtin13</a>, and <a class=""localLink"" href=""http://schema.org/gtin14"">gtin14</a> properties. The GS1 <a href=""https://www.gs1.org/standards/Digital-Link/"">digital link specifications</a> express GTINs as URLs. A correct <a class=""localLink"" href=""http://schema.org/gtin"">gtin</a> value should be a valid GTIN, which means that it should be an all-numeric string of either 8, 12, 13 or 14 digits, or a ""GS1 Digital Link"" URL based on such a string. The numeric component should also have a <a href=""https://www.gs1.org/services/check-digit-calculator"">valid GS1 check digit</a> and meet the other rules for valid GTINs. See also <a href=""http://www.gs1.org/barcodes/technical/idkeys/gtin"">GS1's GTIN Summary</a> and <a href=""https://en.wikipedia.org/wiki/Global_Trade_Item_Number"">Wikipedia</a> for more details. Left-padding of the gtin values is not required or encouraged.","http://schema.org/identifier","","","http://schema.org/Demand, http://schema.org/Offer, http://schema.org/Product","http://schema.org/Text","","",""
"http://schema.org/hasCategoryCode","hasCategoryCode","A Category code contained in this code set.","http://schema.org/hasDefinedTerm","","","http://schema.org/CategoryCodeSet","http://schema.org/CategoryCode","","",""
"http://schema.org/hasCredential","hasCredential","A credential awarded to the Person or Organization.","","","","http://schema.org/Organization, http://schema.org/Person","http://schema.org/EducationalOccupationalCredential","","",""
"http://schema.org/hasDefinedTerm","hasDefinedTerm","A Defined Term contained in this term set.","http://schema.org/hasPart","","http://schema.org/hasCategoryCode","http://schema.org/DefinedTermSet","http://schema.org/DefinedTerm","","",""
"http://schema.org/hasProductReturnPolicy","hasProductReturnPolicy","Indicates a ProductReturnPolicy that may be applicable.","","","","http://schema.org/Organization, http://schema.org/Product","http://schema.org/ProductReturnPolicy","","",""
"http://schema.org/healthPlanCoinsuranceOption","healthPlanCoinsuranceOption","Whether the coinsurance applies before or after deductible, etc. TODO: Is this a closed set?","","","","http://schema.org/HealthPlanCostSharingSpecification","http://schema.org/Text","","",""
"http://schema.org/healthPlanCoinsuranceRate","healthPlanCoinsuranceRate","Whether The rate of coinsurance expressed as a number between 0.0 and 1.0.","","","","http://schema.org/HealthPlanCostSharingSpecification","http://schema.org/Number","","",""
"http://schema.org/healthPlanCopay","healthPlanCopay","Whether The copay amount.","","","","http://schema.org/HealthPlanCostSharingSpecification","http://schema.org/PriceSpecification","","",""
"http://schema.org/healthPlanCopayOption","healthPlanCopayOption","Whether the copay is before or after deductible, etc. TODO: Is this a closed set?","","","","http://schema.org/HealthPlanCostSharingSpecification","http://schema.org/Text","","",""
"http://schema.org/healthPlanCostSharing","healthPlanCostSharing","Whether The costs to the patient for services under this network or formulary.","","","","http://schema.org/HealthPlanFormulary, http://schema.org/HealthPlanNetwork","http://schema.org/Boolean","","",""
"http://schema.org/healthPlanDrugOption","healthPlanDrugOption","TODO.","","","","http://schema.org/HealthInsurancePlan","http://schema.org/Text","","",""
"http://schema.org/healthPlanDrugTier","healthPlanDrugTier","The tier(s) of drugs offered by this formulary or insurance plan.","","","","http://schema.org/HealthInsurancePlan, http://schema.org/HealthPlanFormulary","http://schema.org/Text","","",""
"http://schema.org/healthPlanId","healthPlanId","The 14-character, HIOS-generated Plan ID number. (Plan IDs must be unique, even across different markets.)","","","","http://schema.org/HealthInsurancePlan","http://schema.org/Text","","",""
"http://schema.org/healthPlanMarketingUrl","healthPlanMarketingUrl","The URL that goes directly to the plan brochure for the specific standard plan or plan variation.","","","","http://schema.org/HealthInsurancePlan","http://schema.org/URL","","",""
"http://schema.org/healthPlanNetworkId","healthPlanNetworkId","Name or unique ID of network. (Networks are often reused across different insurance plans).","","","","http://schema.org/HealthPlanNetwork, http://schema.org/MedicalOrganization","http://schema.org/Text","","",""
"http://schema.org/healthPlanNetworkTier","healthPlanNetworkTier","The tier(s) for this network.","","","","http://schema.org/HealthPlanNetwork","http://schema.org/Text","","",""
"http://schema.org/healthPlanPharmacyCategory","healthPlanPharmacyCategory","The category or type of pharmacy associated with this cost sharing.","","","","http://schema.org/HealthPlanCostSharingSpecification","http://schema.org/Text","","",""
"http://schema.org/holdingArchive","holdingArchive","<a class=""localLink"" href=""http://schema.org/ArchiveOrganization"">ArchiveOrganization</a> that holds, keeps or maintains the <a class=""localLink"" href=""http://schema.org/ArchiveComponent"">ArchiveComponent</a>.","","","","http://schema.org/ArchiveComponent","http://schema.org/ArchiveOrganization","http://schema.org/archiveHeld","",""
"http://schema.org/inCodeSet","inCodeSet","A <a class=""localLink"" href=""http://schema.org/CategoryCodeSet"">CategoryCodeSet</a> that contains this category code.","http://schema.org/inDefinedTermSet","","","http://schema.org/CategoryCode","http://schema.org/CategoryCodeSet, http://schema.org/URL","","",""
"http://schema.org/inDefinedTermSet","inDefinedTermSet","A <a class=""localLink"" href=""http://schema.org/DefinedTermSet"">DefinedTermSet</a> that contains this term.","http://schema.org/isPartOf","","http://schema.org/inCodeSet","http://schema.org/DefinedTerm","http://schema.org/DefinedTermSet, http://schema.org/URL","","",""
"http://schema.org/inStoreReturnsOffered","inStoreReturnsOffered","Are in-store returns offered?","","","","http://schema.org/ProductReturnPolicy","http://schema.org/Boolean","","",""
"http://schema.org/includedInHealthInsurancePlan","includedInHealthInsurancePlan","The insurance plans that cover this drug.","","","","http://schema.org/Drug","http://schema.org/HealthInsurancePlan","","",""
"http://schema.org/includesAttraction","includesAttraction","Attraction located at destination.","","","","http://schema.org/TouristDestination","http://schema.org/TouristAttraction","","",""
"http://schema.org/includesHealthPlanFormulary","includesHealthPlanFormulary","Formularies covered by this plan.","","","","http://schema.org/HealthInsurancePlan","http://schema.org/HealthPlanFormulary","","",""
"http://schema.org/includesHealthPlanNetwork","includesHealthPlanNetwork","Networks covered by this plan.","","","","http://schema.org/HealthInsurancePlan","http://schema.org/HealthPlanNetwork","","",""
"http://schema.org/ineligibleRegion","ineligibleRegion","The ISO 3166-1 (ISO 3166-1 alpha-2) or ISO 3166-2 code, the place, or the GeoShape for the geo-political region(s) for which the offer or delivery charge specification is not valid, e.g. a region where the transaction is not allowed.<br/><br/><br/><br/>See also <a class=""localLink"" href=""http://schema.org/eligibleRegion"">eligibleRegion</a>.","","","","http://schema.org/ActionAccessSpecification, http://schema.org/DeliveryChargeSpecification, http://schema.org/Demand, http://schema.org/Offer","http://schema.org/GeoShape, http://schema.org/Place, http://schema.org/Text","","",""
"http://schema.org/isAcceptingNewPatients","isAcceptingNewPatients","Whether the provider is accepting new patients.","","","","http://schema.org/MedicalOrganization","http://schema.org/Boolean","","",""
"http://schema.org/itemLocation","itemLocation","Current location of the item.","http://schema.org/location","","","http://schema.org/ArchiveComponent","http://schema.org/Place, http://schema.org/PostalAddress, http://schema.org/Text","","",""
"http://schema.org/itinerary","itinerary","Destination(s) ( <a class=""localLink"" href=""http://schema.org/Place"">Place</a> ) that make up a trip. For a trip where destination order is important use <a class=""localLink"" href=""http://schema.org/ItemList"">ItemList</a> to specify that order (see examples).","","","","http://schema.org/Trip","http://schema.org/ItemList, http://schema.org/Place","","",""
"http://schema.org/jobImmediateStart","jobImmediateStart","An indicator as to whether a position is available for an immediate start.","","","","http://schema.org/JobPosting","http://schema.org/Boolean","","",""
"http://schema.org/jobLocationType","jobLocationType","A description of the job location (e.g TELECOMMUTE for telecommute jobs).","","","","http://schema.org/JobPosting","http://schema.org/Text","","",""
"http://schema.org/jobStartDate","jobStartDate","The date on which a successful applicant for this job would be expected to start work. Choose a specific date in the future or use the jobImmediateStart property to indicate the position is to be filled as soon as possible.","","","","http://schema.org/JobPosting","http://schema.org/Date, http://schema.org/Text","","",""
"http://schema.org/jobTitle","jobTitle","The job title of the person (for example, Financial Manager).","","","","http://schema.org/Person","http://schema.org/DefinedTerm, http://schema.org/Text","","",""
"http://schema.org/knowsAbout","knowsAbout","Of a <a class=""localLink"" href=""http://schema.org/Person"">Person</a>, and less typically of an <a class=""localLink"" href=""http://schema.org/Organization"">Organization</a>, to indicate a topic that is known about - suggesting possible expertise but not implying it. We do not distinguish skill levels here, or relate this to educational content, events, objectives or <a class=""localLink"" href=""http://schema.org/JobPosting"">JobPosting</a> descriptions.","","","","http://schema.org/Organization, http://schema.org/Person","http://schema.org/Text, http://schema.org/Thing, http://schema.org/URL","","",""
"http://schema.org/knowsLanguage","knowsLanguage","Of a <a class=""localLink"" href=""http://schema.org/Person"">Person</a>, and less typically of an <a class=""localLink"" href=""http://schema.org/Organization"">Organization</a>, to indicate a known language. We do not distinguish skill levels or reading/writing/speaking/signing here. Use language codes from the <a href=""http://tools.ietf.org/html/bcp47"">IETF BCP 47 standard</a>.","","","","http://schema.org/Organization, http://schema.org/Person","http://schema.org/Language, http://schema.org/Text","","",""
"http://schema.org/legislationApplies","legislationApplies","Indicates that this legislation (or part of a legislation) somehow transfers another legislation in a different legislative context. This is an informative link, and it has no legal value. For legally-binding links of transposition, use the <a href=""/legislationTransposes"">legislationTransposes</a> property. For example an informative consolidated law of a European Union's member state ""applies"" the consolidated version of the European Directive implemented in it.","","http://data.europa.eu/eli/ontology#implements","http://schema.org/legislationTransposes","http://schema.org/Legislation","http://schema.org/Legislation","","",""
"http://schema.org/legislationChanges","legislationChanges","Another legislation that this legislation changes. This encompasses the notions of amendment, replacement, correction, repeal, or other types of change. This may be a direct change (textual or non-textual amendment) or a consequential or indirect change. The property is to be used to express the existence of a change relationship between two acts rather than the existence of a consolidated version of the text that shows the result of the change. For consolidation relationships, use the <a href=""/legislationConsolidates"">legislationConsolidates</a> property.","","http://data.europa.eu/eli/ontology#changes","","http://schema.org/Legislation","http://schema.org/Legislation","","",""
"http://schema.org/legislationConsolidates","legislationConsolidates","Indicates another legislation taken into account in this consolidated legislation (which is usually the product of an editorial process that revises the legislation). This property should be used multiple times to refer to both the original version or the previous consolidated version, and to the legislations making the change.","","http://data.europa.eu/eli/ontology#consolidates","","http://schema.org/Legislation","http://schema.org/Legislation","","",""
"http://schema.org/legislationDate","legislationDate","The date of adoption or signature of the legislation. This is the date at which the text is officially aknowledged to be a legislation, even though it might not even be published or in force.","http://schema.org/dateCreated","http://data.europa.eu/eli/ontology#date_document","","http://schema.org/Legislation","http://schema.org/Date","","",""
"http://schema.org/legislationDateVersion","legislationDateVersion","The point-in-time at which the provided description of the legislation is valid (e.g. : when looking at the law on the 2016-04-07 (= dateVersion), I get the consolidation of 2015-04-12 of the ""National Insurance Contributions Act 2015"")","","http://data.europa.eu/eli/ontology#version_date","","http://schema.org/Legislation","http://schema.org/Date","","",""
"http://schema.org/legislationIdentifier","legislationIdentifier","An identifier for the legislation. This can be either a string-based identifier, like the CELEX at EU level or the NOR in France, or a web-based, URL/URI identifier, like an ELI (European Legislation Identifier) or an URN-Lex.","http://schema.org/identifier","","","http://schema.org/Legislation","http://schema.org/Text, http://schema.org/URL","","",""
"http://schema.org/legislationJurisdiction","legislationJurisdiction","The jurisdiction from which the legislation originates.","http://schema.org/spatialCoverage","http://data.europa.eu/eli/ontology#jurisdiction","","http://schema.org/Legislation","http://schema.org/AdministrativeArea, http://schema.org/Text","","",""
"http://schema.org/legislationLegalForce","legislationLegalForce","Whether the legislation is currently in force, not in force, or partially in force.","","http://data.europa.eu/eli/ontology#in_force","","http://schema.org/Legislation","http://schema.org/LegalForceStatus","","",""
"http://schema.org/legislationLegalValue","legislationLegalValue","The legal value of this legislation file. The same legislation can be written in multiple files with different legal values. Typically a digitally signed PDF have a ""stronger"" legal value than the HTML file of the same act.","","http://data.europa.eu/eli/ontology#legal_value","","http://schema.org/LegislationObject","http://schema.org/LegalValueLevel","","",""
"http://schema.org/legislationPassedBy","legislationPassedBy","The person or organization that originally passed or made the law : typically parliament (for primary legislation) or government (for secondary legislation). This indicates the ""legal author"" of the law, as opposed to its physical author.","http://schema.org/creator","http://data.europa.eu/eli/ontology#passed_by","","http://schema.org/Legislation","http://schema.org/Organization, http://schema.org/Person","","",""
"http://schema.org/legislationResponsible","legislationResponsible","An individual or organization that has some kind of responsibility for the legislation. Typically the ministry who is/was in charge of elaborating the legislation, or the adressee for potential questions about the legislation once it is published.","","http://data.europa.eu/eli/ontology#responsibility_of","","http://schema.org/Legislation","http://schema.org/Organization, http://schema.org/Person","","",""
"http://schema.org/legislationTransposes","legislationTransposes","Indicates that this legislation (or part of legislation) fulfills the objectives set by another legislation, by passing appropriate implementation measures. Typically, some legislations of European Union's member states or regions transpose European Directives. This indicates a legally binding link between the 2 legislations.","http://schema.org/legislationApplies","http://data.europa.eu/eli/ontology#transposes","","http://schema.org/Legislation","http://schema.org/Legislation","","",""
"http://schema.org/legislationType","legislationType","The type of the legislation. Examples of values are ""law"", ""act"", ""directive"", ""decree"", ""regulation"", ""statutory instrument"", ""loi organique"", ""règlement grand-ducal"", etc., depending on the country.","http://schema.org/genre","http://data.europa.eu/eli/ontology#type_document","","http://schema.org/Legislation","http://schema.org/CategoryCode, http://schema.org/Text","","",""
"http://schema.org/linkRelationship","linkRelationship","Indicates the relationship type of a Web link.","","","","http://schema.org/LinkRole","http://schema.org/Text","","",""
"http://schema.org/loanMortgageMandateAmount","loanMortgageMandateAmount","Amount of mortgage mandate that can be converted into a proper mortgage at a later stage.","","","","http://schema.org/MortgageLoan","http://schema.org/MonetaryAmount","","",""
"http://schema.org/loanPaymentAmount","loanPaymentAmount","The amount of money to pay in a single payment.","","","","http://schema.org/RepaymentSpecification","http://schema.org/MonetaryAmount","","",""
"http://schema.org/loanPaymentFrequency","loanPaymentFrequency","Frequency of payments due, i.e. number of months between payments. This is defined as a frequency, i.e. the reciprocal of a period of time.","","","","http://schema.org/RepaymentSpecification","http://schema.org/Number","","",""
"http://schema.org/loanRepaymentForm","loanRepaymentForm","A form of paying back money previously borrowed from a lender. Repayment usually takes the form of periodic payments that normally include part principal plus interest in each payment.","","","","http://schema.org/LoanOrCredit","http://schema.org/RepaymentSpecification","","",""
"http://schema.org/loanType","loanType","The type of a loan or credit.","","","","http://schema.org/LoanOrCredit","http://schema.org/Text, http://schema.org/URL","","",""
"http://schema.org/marginOfError","marginOfError","A marginOfError for an <a class=""localLink"" href=""http://schema.org/Observation"">Observation</a>.","","","","http://schema.org/Observation","http://schema.org/DateTime","","",""
"http://schema.org/masthead","masthead","For a <a class=""localLink"" href=""http://schema.org/NewsMediaOrganization"">NewsMediaOrganization</a>, a link to the masthead page or a page listing top editorial management.","http://schema.org/publishingPrinciples","","","http://schema.org/NewsMediaOrganization","http://schema.org/CreativeWork, http://schema.org/URL","","",""
"http://schema.org/materialExtent","materialExtent","The quantity of the materials being described or an expression of the physical space they occupy.","","","","http://schema.org/CreativeWork","http://schema.org/QuantitativeValue, http://schema.org/Text","","",""
"http://schema.org/measuredProperty","measuredProperty","The measuredProperty of an <a class=""localLink"" href=""http://schema.org/Observation"">Observation</a>, either a schema.org property, a property from other RDF-compatible systems e.g. W3C RDF Data Cube, or schema.org extensions such as <a href=""https://www.gs1.org/voc/?show=properties"">GS1's</a>.","","","","http://schema.org/Observation","http://schema.org/Property","","",""
"http://schema.org/measuredValue","measuredValue","The measuredValue of an <a class=""localLink"" href=""http://schema.org/Observation"">Observation</a>.","","","","http://schema.org/Observation","http://schema.org/DataType","","",""
"http://schema.org/measurementTechnique","measurementTechnique","A technique or technology used in a <a class=""localLink"" href=""http://schema.org/Dataset"">Dataset</a> (or <a class=""localLink"" href=""http://schema.org/DataDownload"">DataDownload</a>, <a class=""localLink"" href=""http://schema.org/DataCatalog"">DataCatalog</a>),corresponding to the method used for measuring the corresponding variable(s) (described using <a class=""localLink"" href=""http://schema.org/variableMeasured"">variableMeasured</a>). This is oriented towards scientific and scholarly dataset publication but may have broader applicability; it is not intended as a full representation of measurement, but rather as a high level summary for dataset discovery.<br/><br/><br/><br/>For example, if <a class=""localLink"" href=""http://schema.org/variableMeasured"">variableMeasured</a> is: molecule concentration, <a class=""localLink"" href=""http://schema.org/measurementTechnique"">measurementTechnique</a> could be: ""mass spectrometry"" or ""nmr spectroscopy"" or ""colorimetry"" or ""immunofluorescence"".<br/><br/><br/><br/>If the <a class=""localLink"" href=""http://schema.org/variableMeasured"">variableMeasured</a> is ""depression rating"", the <a class=""localLink"" href=""http://schema.org/measurementTechnique"">measurementTechnique</a> could be ""Zung Scale"" or ""HAM-D"" or ""Beck Depression Inventory"".<br/><br/><br/><br/>If there are several <a class=""localLink"" href=""http://schema.org/variableMeasured"">variableMeasured</a> properties recorded for some given data object, use a <a class=""localLink"" href=""http://schema.org/PropertyValue"">PropertyValue</a> for each <a class=""localLink"" href=""http://schema.org/variableMeasured"">variableMeasured</a> and attach the corresponding <a class=""localLink"" href=""http://schema.org/measurementTechnique"">measurementTechnique</a>.","","","","http://schema.org/DataCatalog, http://schema.org/DataDownload, http://schema.org/Dataset, http://schema.org/PropertyValue","http://schema.org/Text, http://schema.org/URL","","",""
"http://schema.org/membershipPointsEarned","membershipPointsEarned","The number of membership points earned by the member. If necessary, the unitText can be used to express the units the points are issued in. (e.g. stars, miles, etc.)","","","","http://schema.org/ProgramMembership","http://schema.org/Number, http://schema.org/QuantitativeValue","","",""
"http://schema.org/missionCoveragePrioritiesPolicy","missionCoveragePrioritiesPolicy","For a <a class=""localLink"" href=""http://schema.org/NewsMediaOrganization"">NewsMediaOrganization</a>, a statement on coverage priorities, including any public agenda or stance on issues.","http://schema.org/publishingPrinciples","","","http://schema.org/NewsMediaOrganization","http://schema.org/CreativeWork, http://schema.org/URL","","",""
"http://schema.org/monthlyMinimumRepaymentAmount","monthlyMinimumRepaymentAmount","The minimum payment is the lowest amount of money that one is required to pay on a credit card statement each month.","","","","http://schema.org/CreditCard","http://schema.org/MonetaryAmount, http://schema.org/Number","","",""
"http://schema.org/noBylinesPolicy","noBylinesPolicy","For a <a class=""localLink"" href=""http://schema.org/NewsMediaOrganization"">NewsMediaOrganization</a> or other news-related <a class=""localLink"" href=""http://schema.org/Organization"">Organization</a>, a statement explaining when authors of articles are not named in bylines.","http://schema.org/publishingPrinciples","","","http://schema.org/NewsMediaOrganization","http://schema.org/CreativeWork, http://schema.org/URL","","",""
"http://schema.org/nsn","nsn","Indicates the <a href=""https://en.wikipedia.org/wiki/NATO_Stock_Number"">NATO stock number</a> (nsn) of a <a class=""localLink"" href=""http://schema.org/Product"">Product</a>.","http://schema.org/identifier","","","http://schema.org/Product","http://schema.org/Text","","",""
"http://schema.org/numConstraints","numConstraints","Indicates the number of constraints (not counting <a class=""localLink"" href=""http://schema.org/populationType"">populationType</a>) defined for a particular <a class=""localLink"" href=""http://schema.org/StatisticalPopulation"">StatisticalPopulation</a>. This helps applications understand if they have access to a sufficiently complete description of a <a class=""localLink"" href=""http://schema.org/StatisticalPopulation"">StatisticalPopulation</a>.","","","","http://schema.org/StatisticalPopulation","http://schema.org/Integer","","",""
"http://schema.org/numberOfLoanPayments","numberOfLoanPayments","The number of payments contractually required at origination to repay the loan. For monthly paying loans this is the number of months from the contractual first payment date to the maturity date.","","","","http://schema.org/RepaymentSpecification","http://schema.org/Number","","",""
"http://schema.org/observationDate","observationDate","The observationDate of an <a class=""localLink"" href=""http://schema.org/Observation"">Observation</a>.","","","","http://schema.org/Observation","http://schema.org/DateTime","","",""
"http://schema.org/observedNode","observedNode","The observedNode of an <a class=""localLink"" href=""http://schema.org/Observation"">Observation</a>, often a <a class=""localLink"" href=""http://schema.org/StatisticalPopulation"">StatisticalPopulation</a>.","","","","http://schema.org/Observation","http://schema.org/StatisticalPopulation","","",""
"http://schema.org/occupationalCredentialAwarded","occupationalCredentialAwarded","A description of the qualification, award, certificate, diploma or other occupational credential awarded as a consequence of successful completion of this course or program.","","","","http://schema.org/Course, http://schema.org/EducationalOccupationalProgram","http://schema.org/EducationalOccupationalCredential, http://schema.org/Text, http://schema.org/URL","","",""
"http://schema.org/offersPrescriptionByMail","offersPrescriptionByMail","Whether prescriptions can be delivered by mail.","","","","http://schema.org/HealthPlanFormulary","http://schema.org/Boolean","","",""
"http://schema.org/ownershipFundingInfo","ownershipFundingInfo","For an <a class=""localLink"" href=""http://schema.org/Organization"">Organization</a> (often but not necessarily a <a class=""localLink"" href=""http://schema.org/NewsMediaOrganization"">NewsMediaOrganization</a>), a description of organizational ownership structure; funding and grants. In a news/media setting, this is with particular reference to editorial independence.   Note that the <a class=""localLink"" href=""http://schema.org/funder"">funder</a> is also available and can be used to make basic funder information machine-readable.","http://schema.org/publishingPrinciples","","","http://schema.org/NewsMediaOrganization, http://schema.org/Organization","http://schema.org/AboutPage, http://schema.org/CreativeWork, http://schema.org/Text, http://schema.org/URL","","",""
"http://schema.org/partOfTrip","partOfTrip","Identifies that this <a class=""localLink"" href=""http://schema.org/Trip"">Trip</a> is a subTrip of another Trip.  For example Day 1, Day 2, etc. of a multi-day trip.","","","","http://schema.org/Trip","http://schema.org/Trip","http://schema.org/subTrip","",""
"http://schema.org/populationType","populationType","Indicates the populationType common to all members of a <a class=""localLink"" href=""http://schema.org/StatisticalPopulation"">StatisticalPopulation</a>.","","","","http://schema.org/StatisticalPopulation","http://schema.org/Class","","",""
"http://schema.org/productReturnDays","productReturnDays","The productReturnDays property indicates the number of days (from purchase) within which relevant product return policy is applicable.","","","","http://schema.org/ProductReturnPolicy","http://schema.org/Integer","","",""
"http://schema.org/productReturnLink","productReturnLink","Indicates a Web page or service by URL, for product return.","","","","http://schema.org/ProductReturnPolicy","http://schema.org/URL","","",""
"http://schema.org/programPrerequisites","programPrerequisites","Prerequisites for enrolling in the program.","","","","http://schema.org/EducationalOccupationalProgram","http://schema.org/AlignmentObject, http://schema.org/Course, http://schema.org/EducationalOccupationalCredential, http://schema.org/Text","","",""
"http://schema.org/qualifications","qualifications","Specific qualifications required for this role or Occupation.","","","","http://schema.org/JobPosting, http://schema.org/Occupation","http://schema.org/EducationalOccupationalCredential, http://schema.org/Text","","",""
"http://schema.org/ratingExplanation","ratingExplanation","A short explanation (e.g. one to two sentences) providing background context and other information that led to the conclusion expressed in the rating. This is particularly applicable to ratings associated with ""fact check"" markup using <a class=""localLink"" href=""http://schema.org/ClaimReview"">ClaimReview</a>.","","","","http://schema.org/Rating","http://schema.org/Text","","",""
"http://schema.org/recognizedBy","recognizedBy","An organization that acknowledges the validity, value or utility of a credential. Note: recognition may include a process of quality assurance or accreditation.","","","","http://schema.org/EducationalOccupationalCredential","http://schema.org/Organization","","",""
"http://schema.org/recourseLoan","recourseLoan","The only way you get the money back in the event of default is the security. Recourse is where you still have the opportunity to go back to the borrower for the rest of the money.","","","","http://schema.org/LoanOrCredit","http://schema.org/Boolean","","",""
"http://schema.org/refundType","refundType","A refundType, from an enumerated list.","","","","http://schema.org/ProductReturnPolicy","http://schema.org/RefundTypeEnumeration","","",""
"http://schema.org/renegotiableLoan","renegotiableLoan","Whether the terms for payment of interest can be renegotiated during the life of the loan.","","","","http://schema.org/LoanOrCredit","http://schema.org/Boolean","","",""
"http://schema.org/repeatCount","repeatCount","Defines the number of times a recurring <a class=""localLink"" href=""http://schema.org/Event"">Event</a> will take place","","","","http://schema.org/Schedule","http://schema.org/Integer","","",""
"http://schema.org/repeatFrequency","repeatFrequency","Defines the frequency at which <a class=""localLink"" href=""http://schema.org/Events"">Events</a> will occur according to a schedule <a class=""localLink"" href=""http://schema.org/Schedule"">Schedule</a>. The intervals between      events should be defined as a <a class=""localLink"" href=""http://schema.org/Duration"">Duration</a> of time.","http://schema.org/frequency","","","http://schema.org/Schedule","http://schema.org/Duration, http://schema.org/Text","","",""
"http://schema.org/returnFees","returnFees","Indicates (via enumerated options) the return fees policy for a ProductReturnPolicy","","","","http://schema.org/ProductReturnPolicy","http://schema.org/ReturnFeesEnumeration","","",""
"http://schema.org/returnPolicyCategory","returnPolicyCategory","A returnPolicyCategory expresses at most one of several enumerated kinds of return.","","","","http://schema.org/ProductReturnPolicy","http://schema.org/ProductReturnEnumeration","","",""
"http://schema.org/rxcui","rxcui","The RxCUI drug identifier from RXNORM.","","","","http://schema.org/Drug","http://schema.org/Text","","",""
"http://schema.org/salaryUponCompletion","salaryUponCompletion","The expected salary upon completing the training.","","","","http://schema.org/EducationalOccupationalProgram","http://schema.org/MonetaryAmountDistribution","","",""
"http://schema.org/sdDatePublished","sdDatePublished","Indicates the date on which the current structured data was generated / published. Typically used alongside <a class=""localLink"" href=""http://schema.org/sdPublisher"">sdPublisher</a>","","","","http://schema.org/CreativeWork","http://schema.org/Date","","",""
"http://schema.org/sdLicense","sdLicense","A license document that applies to this structured data, typically indicated by URL.","","","","http://schema.org/CreativeWork","http://schema.org/CreativeWork, http://schema.org/URL","","",""
"http://schema.org/sdPublisher","sdPublisher","Indicates the party responsible for generating and publishing the current structured data markup, typically in cases where the structured data is derived automatically from existing published content but published on a different site. For example, student projects and open data initiatives often re-publish existing content with more explicitly structured metadata. The<a class=""localLink"" href=""http://schema.org/sdPublisher"">sdPublisher</a> property helps make such practices more explicit.","","","","http://schema.org/CreativeWork","http://schema.org/Organization, http://schema.org/Person","","",""
"http://schema.org/spokenByCharacter","spokenByCharacter","The (e.g. fictional) character, Person or Organization to whom the quotation is attributed within the containing CreativeWork.","","","","http://schema.org/Quotation","http://schema.org/Organization, http://schema.org/Person","","",""
"http://schema.org/startOffset","startOffset","The start time of the clip expressed as the number of seconds from the beginning of the work.","","","","http://schema.org/Clip","http://schema.org/Number","","",""
"http://schema.org/subTrip","subTrip","Identifies a <a class=""localLink"" href=""http://schema.org/Trip"">Trip</a> that is a subTrip of this Trip.  For example Day 1, Day 2, etc. of a multi-day trip.","","","","http://schema.org/Trip","http://schema.org/Trip","http://schema.org/partOfTrip","",""
"http://schema.org/subtitleLanguage","subtitleLanguage","Languages in which subtitles/captions are available, in <a href=""http://tools.ietf.org/html/bcp47"">IETF BCP 47 standard format</a>.","","","","http://schema.org/BroadcastEvent, http://schema.org/Movie, http://schema.org/ScreeningEvent, http://schema.org/TVEpisode","http://schema.org/Language, http://schema.org/Text","","",""
"http://schema.org/termCode","termCode","A code that identifies this <a class=""localLink"" href=""http://schema.org/DefinedTerm"">DefinedTerm</a> within a <a class=""localLink"" href=""http://schema.org/DefinedTermSet"">DefinedTermSet</a>","","","http://schema.org/codeValue","http://schema.org/DefinedTerm","http://schema.org/Text","","",""
"http://schema.org/termsOfService","termsOfService","Human-readable terms of service documentation.","","","","http://schema.org/Service","http://schema.org/Text, http://schema.org/URL","","",""
"http://schema.org/timeToComplete","timeToComplete","The expected length of time to complete the program if attending full-time.","","","","http://schema.org/EducationalOccupationalProgram","http://schema.org/Duration","","",""
"http://schema.org/totalJobOpenings","totalJobOpenings","The number of positions open for this job posting. Use a positive integer. Do not use if the number of positions is unclear or not known.","","","","http://schema.org/JobPosting","http://schema.org/Integer","","",""
"http://schema.org/trainingSalary","trainingSalary","The estimated salary earned while in the program.","","","","http://schema.org/WorkBasedProgram","http://schema.org/MonetaryAmountDistribution","","",""
"http://schema.org/unnamedSourcesPolicy","unnamedSourcesPolicy","For an <a class=""localLink"" href=""http://schema.org/Organization"">Organization</a> (typically a <a class=""localLink"" href=""http://schema.org/NewsMediaOrganization"">NewsMediaOrganization</a>), a statement about policy on use of unnamed sources and the decision process required.","http://schema.org/publishingPrinciples","","","http://schema.org/NewsMediaOrganization, http://schema.org/Organization","http://schema.org/CreativeWork, http://schema.org/URL","","",""
"http://schema.org/usesHealthPlanIdStandard","usesHealthPlanIdStandard","The standard for interpreting thePlan ID. The preferred is ""HIOS"". See the Centers for Medicare &amp; Medicaid Services for more details.","","","","http://schema.org/HealthInsurancePlan","http://schema.org/Text, http://schema.org/URL","","",""
"http://schema.org/variableMeasured","variableMeasured","The variableMeasured property can indicate (repeated as necessary) the  variables that are measured in some dataset, either described as text or as pairs of identifier and description using PropertyValue.","","","","http://schema.org/Dataset","http://schema.org/PropertyValue, http://schema.org/Text","","",""
"http://schema.org/verificationFactCheckingPolicy","verificationFactCheckingPolicy","Disclosure about verification and fact-checking processes for a <a class=""localLink"" href=""http://schema.org/NewsMediaOrganization"">NewsMediaOrganization</a> or other fact-checking <a class=""localLink"" href=""http://schema.org/Organization"">Organization</a>.","http://schema.org/publishingPrinciples","","","http://schema.org/NewsMediaOrganization","http://schema.org/CreativeWork, http://schema.org/URL","","",""
"http://schema.org/webFeed","webFeed","The URL for the feed associated with the podcast series. This is usually RSS or Atom.","","","","http://schema.org/PodcastSeries","http://schema.org/URL","","",""
